camera_id,location,installation_date,last_maintenance_date,status
1,Parking Camera Zone 1,2024-02-03,2024-10-24,Maintenance
2,Floor 2 Camera Zone 2,2024-11-17,2025-08-17,Maintenance
3,Floor 3 Camera Zone 3,2024-06-11,2025-01-13,Offline
4,Server Room Camera Zone 4,2024-11-22,2025-04-20,Active
5,Storage Camera Zone 5,2024-07-21,2025-01-30,Inactive
6,Main Gate Camera Zone 6,2024-03-31,2024-05-22,Offline
7,Storage Camera Zone 7,2024-03-05,2024-08-04,Offline
8,Floor 1 Camera Zone 8,2024-02-11,2024-11-21,Inactive
9,Storage Camera Zone 9,2024-06-30,2025-01-11,Maintenance
10,Storage Camera Zone 10,2024-01-17,2024-02-28,Inactive
11,Storage Camera Zone 11,2025-04-22,2025-08-08,Offline
12,Floor 3 Camera Zone 12,2024-08-20,2025-01-11,Inactive
13,Gym Camera Zone 13,2024-06-27,2025-01-04,Active
14,Lobby Camera Zone 14,2025-04-14,2025-08-15,Active
15,Server Room Camera Zone 15,2024-02-29,2024-03-31,Maintenance
16,Floor 2 Camera Zone 16,2024-07-16,2024-09-03,Maintenance
17,Lobby Camera Zone 17,2024-02-09,2024-09-21,Inactive
18,Reception Camera Zone 18,2024-03-29,2024-10-31,Offline
19,Server Room Camera Zone 19,2024-02-28,2024-04-22,Maintenance
20,Gym Camera Zone 20,2024-02-16,2024-04-23,Active
21,Storage Camera Zone 21,2024-12-25,2025-06-25,Offline
22,Kitchen Camera Zone 22,2024-01-09,2024-07-05,Offline
23,Kitchen Camera Zone 23,2025-04-07,2025-08-01,Active
24,Storage Camera Zone 24,2024-05-18,2025-01-29,Inactive
25,Floor 3 Camera Zone 25,2024-12-24,2025-06-24,Offline
26,Main Gate Camera Zone 26,2024-04-03,2024-10-02,Maintenance
27,Server Room Camera Zone 27,2024-09-22,2024-12-29,Inactive
28,Lobby Camera Zone 28,2024-06-04,2025-03-23,Inactive
29,Conference Room Camera Zone 29,2024-07-22,2024-12-12,Active
30,Pool Camera Zone 30,2025-04-22,2025-09-01,Inactive
31,Floor 1 Camera Zone 31,2024-05-28,2024-11-06,Maintenance
32,Kitchen Camera Zone 32,2024-07-25,2024-12-15,Offline
33,Conference Room Camera Zone 33,2024-09-04,2024-11-16,Active
34,Pool Camera Zone 34,2025-05-05,2026-02-25,Maintenance
35,Lobby Camera Zone 35,2024-12-02,2025-09-10,Maintenance
36,Main Gate Camera Zone 36,2025-02-12,2025-12-06,Maintenance
37,Floor 3 Camera Zone 37,2024-10-31,2025-01-03,Inactive
38,Floor 2 Camera Zone 38,2024-10-08,2025-04-18,Inactive
39,Lobby Camera Zone 39,2025-03-16,2025-05-20,Inactive
40,Server Room Camera Zone 40,2025-05-04,2025-07-22,Active
41,Storage Camera Zone 41,2024-10-10,2025-05-06,Inactive
42,Conference Room Camera Zone 42,2025-01-01,2025-06-05,Inactive
43,Main Gate Camera Zone 43,2024-04-13,2024-10-15,Inactive
44,Storage Camera Zone 44,2025-01-20,2025-07-13,Offline
45,Conference Room Camera Zone 45,2024-02-14,2024-06-12,Maintenance
46,Kitchen Camera Zone 46,2024-01-17,2024-03-15,Offline
47,Floor 3 Camera Zone 47,2024-03-11,2024-08-13,Active
48,Reception Camera Zone 48,2024-04-10,2024-07-09,Offline
49,Storage Camera Zone 49,2024-02-08,2024-09-18,Active
50,Reception Camera Zone 50,2024-09-30,2025-07-14,Inactive
51,Kitchen Camera Zone 51,2024-08-10,2025-03-08,Active
52,Reception Camera Zone 52,2024-05-19,2024-07-09,Maintenance
53,Main Gate Camera Zone 53,2024-12-25,2025-04-25,Active
54,Pool Camera Zone 54,2024-11-13,2025-03-05,Active
55,Storage Camera Zone 55,2024-02-22,2024-05-20,Offline
56,Storage Camera Zone 56,2024-08-15,2025-05-23,Inactive
57,Storage Camera Zone 57,2025-01-14,2025-05-15,Offline
58,Conference Room Camera Zone 58,2025-05-03,2025-09-02,Inactive
59,Parking Camera Zone 59,2024-02-24,2024-03-27,Active
60,Kitchen Camera Zone 60,2024-12-15,2025-09-23,Active
61,Main Gate Camera Zone 61,2024-11-01,2025-04-15,Inactive
62,Floor 3 Camera Zone 62,2024-11-02,2025-03-07,Active
63,Floor 2 Camera Zone 63,2024-09-26,2024-11-09,Offline
64,Gym Camera Zone 64,2024-10-09,2025-01-18,Inactive
65,Kitchen Camera Zone 65,2024-12-19,2025-08-05,Active
66,Parking Camera Zone 66,2025-02-21,2025-05-18,Active
67,Server Room Camera Zone 67,2024-08-02,2024-10-16,Inactive
68,Floor 3 Camera Zone 68,2024-05-22,2025-01-23,Inactive
69,Floor 3 Camera Zone 69,2025-04-17,2025-11-27,Maintenance
70,Parking Camera Zone 70,2025-03-16,2025-09-16,Active
71,Back Gate Camera Zone 71,2025-02-26,2025-11-03,Maintenance
72,Floor 2 Camera Zone 72,2024-10-01,2024-12-09,Maintenance
73,Reception Camera Zone 73,2024-03-11,2024-11-20,Active
74,Conference Room Camera Zone 74,2025-03-29,2025-08-19,Active
75,Gym Camera Zone 75,2024-10-01,2025-07-08,Active
76,Lobby Camera Zone 76,2024-11-17,2025-05-26,Offline
77,Main Gate Camera Zone 77,2024-02-07,2024-04-05,Maintenance
78,Floor 1 Camera Zone 78,2025-01-29,2025-11-14,Maintenance
79,Floor 1 Camera Zone 79,2024-08-04,2025-03-01,Active
80,Pool Camera Zone 80,2024-12-19,2025-01-22,Offline
81,Main Gate Camera Zone 81,2025-05-11,2025-11-09,Inactive
82,Pool Camera Zone 82,2024-04-12,2024-09-14,Offline
83,Parking Camera Zone 83,2024-12-07,2025-02-23,Inactive
84,Parking Camera Zone 84,2025-01-04,2025-10-04,Active
85,Kitchen Camera Zone 85,2024-01-29,2024-06-22,Offline
86,Back Gate Camera Zone 86,2024-06-09,2024-09-01,Maintenance
87,Kitchen Camera Zone 87,2025-02-05,2025-05-02,Active
88,Server Room Camera Zone 88,2024-09-18,2025-05-22,Inactive
89,Floor 3 Camera Zone 89,2024-08-28,2025-06-08,Maintenance
90,Lobby Camera Zone 90,2025-03-26,2025-10-15,Maintenance
91,Parking Camera Zone 91,2024-01-28,2024-03-31,Inactive
92,Back Gate Camera Zone 92,2024-11-12,2025-08-29,Inactive
93,Parking Camera Zone 93,2025-02-14,2025-11-15,Offline
94,Floor 1 Camera Zone 94,2024-09-27,2025-03-04,Active
95,Pool Camera Zone 95,2024-12-26,2025-07-08,Offline
96,Conference Room Camera Zone 96,2024-02-23,2024-06-06,Offline
97,Conference Room Camera Zone 97,2024-01-11,2024-05-04,Offline
98,Floor 3 Camera Zone 98,2024-09-20,2024-11-04,Offline
99,Floor 1 Camera Zone 99,2024-05-31,2024-12-26,Inactive
100,Floor 2 Camera Zone 100,2025-05-14,2025-11-22,Inactive
101,Main Gate Camera Zone 101,2025-04-30,2025-08-25,Inactive
102,Conference Room Camera Zone 102,2024-02-11,2024-08-10,Offline
103,Gym Camera Zone 103,2024-03-08,2024-11-26,Active
104,Floor 1 Camera Zone 104,2025-05-03,2025-08-29,Maintenance
105,Back Gate Camera Zone 105,2025-04-03,2025-09-17,Active
106,Parking Camera Zone 106,2025-04-04,2025-11-26,Offline
107,Back Gate Camera Zone 107,2024-01-10,2024-10-02,Maintenance
108,Parking Camera Zone 108,2025-04-09,2025-11-19,Active
109,Back Gate Camera Zone 109,2024-12-28,2025-06-02,Maintenance
110,Storage Camera Zone 110,2024-05-14,2025-02-02,Active
111,Storage Camera Zone 111,2024-11-27,2025-06-12,Active
112,Back Gate Camera Zone 112,2025-04-07,2025-07-29,Offline
113,Server Room Camera Zone 113,2024-05-17,2024-08-01,Offline
114,Reception Camera Zone 114,2024-01-30,2024-09-23,Inactive
115,Floor 1 Camera Zone 115,2024-01-28,2024-08-22,Maintenance
116,Reception Camera Zone 116,2024-07-04,2025-01-17,Maintenance
117,Lobby Camera Zone 117,2024-05-14,2025-02-15,Active
118,Storage Camera Zone 118,2025-02-05,2025-11-28,Maintenance
119,Lobby Camera Zone 119,2025-02-05,2025-06-02,Offline
120,Server Room Camera Zone 120,2024-06-26,2024-09-05,Offline
121,Floor 1 Camera Zone 121,2024-11-12,2025-02-10,Offline
122,Pool Camera Zone 122,2024-03-07,2024-09-23,Maintenance
123,Back Gate Camera Zone 123,2024-11-17,2025-01-07,Maintenance
124,Gym Camera Zone 124,2024-06-24,2024-12-19,Inactive
125,Pool Camera Zone 125,2024-01-28,2024-10-20,Offline
126,Reception Camera Zone 126,2024-10-24,2025-04-15,Active
127,Floor 1 Camera Zone 127,2024-05-31,2025-02-23,Inactive
128,Reception Camera Zone 128,2024-09-05,2025-06-03,Offline
129,Server Room Camera Zone 129,2024-02-13,2024-03-25,Offline
130,Reception Camera Zone 130,2024-09-20,2025-01-24,Inactive
131,Floor 3 Camera Zone 131,2024-06-05,2025-01-13,Active
132,Pool Camera Zone 132,2024-09-30,2025-06-08,Maintenance
133,Floor 2 Camera Zone 133,2024-02-27,2024-05-25,Offline
134,Floor 3 Camera Zone 134,2024-12-14,2025-03-11,Active
135,Gym Camera Zone 135,2024-10-12,2024-12-06,Maintenance
136,Pool Camera Zone 136,2024-04-28,2025-01-25,Offline
137,Back Gate Camera Zone 137,2025-05-02,2025-12-19,Maintenance
138,Lobby Camera Zone 138,2024-05-26,2025-02-21,Inactive
139,Gym Camera Zone 139,2024-06-29,2024-08-09,Maintenance
140,Pool Camera Zone 140,2025-01-21,2025-07-08,Offline
141,Lobby Camera Zone 141,2024-07-28,2024-10-12,Inactive
142,Floor 1 Camera Zone 142,2024-06-27,2025-01-27,Maintenance
143,Kitchen Camera Zone 143,2024-09-08,2025-05-28,Maintenance
144,Server Room Camera Zone 144,2025-01-05,2025-03-08,Maintenance
145,Conference Room Camera Zone 145,2025-04-04,2025-08-31,Offline
146,Conference Room Camera Zone 146,2024-07-30,2025-05-18,Maintenance
147,Pool Camera Zone 147,2024-05-18,2025-02-22,Inactive
148,Floor 3 Camera Zone 148,2024-11-19,2025-08-24,Inactive
149,Floor 3 Camera Zone 149,2025-02-05,2025-07-10,Active
150,Lobby Camera Zone 150,2025-01-15,2025-09-22,Inactive
151,Back Gate Camera Zone 151,2024-04-15,2024-09-15,Inactive
152,Server Room Camera Zone 152,2025-01-24,2025-09-06,Maintenance
153,Floor 3 Camera Zone 153,2025-05-07,2026-02-18,Maintenance
154,Lobby Camera Zone 154,2024-09-27,2025-01-01,Inactive
155,Back Gate Camera Zone 155,2024-07-19,2024-09-21,Maintenance
156,Server Room Camera Zone 156,2024-03-20,2024-11-05,Maintenance
157,Floor 2 Camera Zone 157,2024-10-03,2025-03-25,Maintenance
158,Lobby Camera Zone 158,2024-05-31,2024-07-12,Maintenance
159,Gym Camera Zone 159,2024-01-05,2024-08-17,Inactive
160,Back Gate Camera Zone 160,2024-04-14,2024-08-02,Maintenance
161,Main Gate Camera Zone 161,2025-01-13,2025-05-28,Inactive
162,Back Gate Camera Zone 162,2025-01-08,2025-06-02,Active
163,Reception Camera Zone 163,2024-03-06,2024-09-29,Inactive
164,Reception Camera Zone 164,2024-10-01,2025-04-06,Offline
165,Pool Camera Zone 165,2024-01-18,2024-06-27,Active
166,Server Room Camera Zone 166,2024-02-14,2024-07-14,Active
167,Server Room Camera Zone 167,2024-11-01,2024-12-24,Maintenance
168,Conference Room Camera Zone 168,2025-05-09,2025-06-13,Inactive
169,Back Gate Camera Zone 169,2025-02-08,2025-05-09,Inactive
170,Reception Camera Zone 170,2024-06-13,2025-03-22,Maintenance
171,Floor 2 Camera Zone 171,2025-04-08,2025-12-16,Offline
172,Back Gate Camera Zone 172,2024-07-04,2025-04-09,Inactive
173,Parking Camera Zone 173,2024-12-13,2025-10-05,Active
174,Kitchen Camera Zone 174,2025-02-25,2025-12-04,Offline
175,Reception Camera Zone 175,2024-03-29,2024-05-05,Inactive
176,Floor 2 Camera Zone 176,2025-01-11,2025-04-06,Maintenance
177,Reception Camera Zone 177,2024-10-19,2025-02-16,Inactive
178,Storage Camera Zone 178,2025-05-15,2026-01-12,Maintenance
179,Main Gate Camera Zone 179,2025-04-12,2025-12-05,Offline
180,Parking Camera Zone 180,2024-05-28,2024-11-21,Active
181,Kitchen Camera Zone 181,2024-01-22,2024-03-13,Offline
182,Pool Camera Zone 182,2024-10-14,2024-12-21,Active
183,Server Room Camera Zone 183,2025-01-13,2025-07-11,Inactive
184,Storage Camera Zone 184,2024-09-16,2025-05-09,Active
185,Floor 2 Camera Zone 185,2024-11-24,2025-08-09,Active
186,Floor 2 Camera Zone 186,2025-05-13,2025-11-16,Maintenance
187,Main Gate Camera Zone 187,2024-05-22,2025-02-01,Inactive
188,Floor 1 Camera Zone 188,2024-11-07,2024-12-15,Maintenance
189,Server Room Camera Zone 189,2024-07-26,2025-02-19,Inactive
190,Back Gate Camera Zone 190,2024-12-07,2025-09-25,Active
191,Floor 1 Camera Zone 191,2024-11-13,2025-05-28,Active
192,Server Room Camera Zone 192,2024-07-14,2024-10-29,Active
193,Floor 3 Camera Zone 193,2024-09-24,2025-05-28,Maintenance
194,Kitchen Camera Zone 194,2024-07-23,2025-01-10,Active
195,Kitchen Camera Zone 195,2024-12-27,2025-08-28,Offline
196,Floor 2 Camera Zone 196,2024-10-04,2024-11-21,Offline
197,Reception Camera Zone 197,2024-02-03,2024-10-05,Inactive
198,Back Gate Camera Zone 198,2024-07-09,2025-03-31,Maintenance
199,Lobby Camera Zone 199,2025-01-18,2025-03-03,Inactive
200,Reception Camera Zone 200,2024-07-03,2024-12-10,Active
201,Gym Camera Zone 201,2025-04-19,2025-09-16,Inactive
202,Reception Camera Zone 202,2024-03-11,2024-04-14,Active
203,Server Room Camera Zone 203,2024-03-10,2024-11-17,Active
204,Parking Camera Zone 204,2024-11-19,2025-06-12,Offline
205,Server Room Camera Zone 205,2024-02-07,2024-10-01,Inactive
206,Storage Camera Zone 206,2024-07-01,2025-04-14,Maintenance
207,Storage Camera Zone 207,2024-02-15,2024-11-07,Active
208,Pool Camera Zone 208,2025-04-22,2025-12-13,Inactive
209,Floor 2 Camera Zone 209,2024-09-28,2024-10-28,Inactive
210,Floor 2 Camera Zone 210,2024-06-12,2025-02-07,Active
211,Floor 2 Camera Zone 211,2024-04-24,2025-01-18,Maintenance
212,Floor 2 Camera Zone 212,2024-12-13,2025-05-17,Maintenance
213,Main Gate Camera Zone 213,2025-02-12,2025-11-15,Inactive
214,Parking Camera Zone 214,2025-02-25,2025-04-05,Active
215,Reception Camera Zone 215,2024-05-07,2024-11-19,Offline
216,Gym Camera Zone 216,2024-12-27,2025-04-08,Offline
217,Pool Camera Zone 217,2024-12-08,2025-06-10,Maintenance
218,Lobby Camera Zone 218,2024-03-08,2024-08-12,Maintenance
219,Floor 1 Camera Zone 219,2024-06-14,2024-12-31,Maintenance
220,Main Gate Camera Zone 220,2024-11-03,2025-08-14,Maintenance
221,Kitchen Camera Zone 221,2025-05-02,2025-09-25,Maintenance
222,Kitchen Camera Zone 222,2024-05-05,2024-10-10,Inactive
223,Storage Camera Zone 223,2025-01-10,2025-08-01,Maintenance
224,Pool Camera Zone 224,2024-04-27,2024-10-17,Active
225,Server Room Camera Zone 225,2024-02-03,2024-09-12,Maintenance
226,Storage Camera Zone 226,2025-04-12,2025-10-15,Active
227,Back Gate Camera Zone 227,2024-01-09,2024-09-30,Maintenance
228,Floor 1 Camera Zone 228,2025-02-26,2025-09-09,Active
229,Floor 3 Camera Zone 229,2024-05-13,2024-12-06,Active
230,Floor 3 Camera Zone 230,2025-05-15,2025-07-10,Maintenance
231,Storage Camera Zone 231,2024-08-16,2024-09-23,Active
232,Floor 1 Camera Zone 232,2024-07-05,2025-02-18,Offline
233,Server Room Camera Zone 233,2024-06-06,2024-08-12,Offline
234,Kitchen Camera Zone 234,2025-05-05,2025-10-27,Active
235,Gym Camera Zone 235,2025-01-18,2025-08-01,Inactive
236,Main Gate Camera Zone 236,2024-11-30,2025-01-16,Inactive
237,Server Room Camera Zone 237,2024-09-05,2024-11-23,Maintenance
238,Kitchen Camera Zone 238,2024-02-01,2024-10-30,Active
239,Conference Room Camera Zone 239,2024-03-13,2024-06-05,Active
240,Parking Camera Zone 240,2024-09-13,2025-02-05,Maintenance
241,Main Gate Camera Zone 241,2024-01-23,2024-03-18,Maintenance
242,Reception Camera Zone 242,2025-02-01,2025-06-11,Offline
243,Floor 1 Camera Zone 243,2025-01-31,2025-09-16,Offline
244,Kitchen Camera Zone 244,2024-12-27,2025-06-22,Active
245,Back Gate Camera Zone 245,2024-06-07,2024-08-01,Maintenance
246,Reception Camera Zone 246,2024-04-24,2024-11-16,Offline
247,Floor 2 Camera Zone 247,2025-05-04,2025-07-24,Maintenance
248,Pool Camera Zone 248,2024-12-22,2025-05-11,Maintenance
249,Gym Camera Zone 249,2025-04-14,2025-08-06,Inactive
250,Main Gate Camera Zone 250,2024-04-07,2024-07-18,Inactive
251,Reception Camera Zone 251,2024-12-04,2025-07-08,Maintenance
252,Main Gate Camera Zone 252,2025-01-13,2025-08-25,Active
253,Gym Camera Zone 253,2024-07-15,2025-02-01,Active
254,Parking Camera Zone 254,2025-05-03,2025-12-16,Active
255,Storage Camera Zone 255,2025-03-22,2025-05-10,Active
256,Pool Camera Zone 256,2024-05-24,2024-10-17,Inactive
257,Lobby Camera Zone 257,2024-01-01,2024-06-06,Inactive
258,Pool Camera Zone 258,2024-12-29,2025-07-07,Maintenance
259,Reception Camera Zone 259,2025-03-27,2025-09-18,Offline
260,Floor 3 Camera Zone 260,2025-02-01,2025-11-07,Active
261,Storage Camera Zone 261,2024-12-17,2025-09-27,Offline
262,Kitchen Camera Zone 262,2024-10-03,2025-04-17,Active
263,Main Gate Camera Zone 263,2024-02-10,2024-08-09,Inactive
264,Parking Camera Zone 264,2024-09-04,2024-12-17,Offline
265,Reception Camera Zone 265,2025-01-07,2025-05-13,Inactive
266,Reception Camera Zone 266,2025-02-11,2025-03-31,Inactive
267,Reception Camera Zone 267,2024-03-26,2024-08-10,Active
268,Pool Camera Zone 268,2024-07-24,2025-04-27,Offline
269,Floor 2 Camera Zone 269,2024-03-16,2024-06-04,Offline
270,Lobby Camera Zone 270,2024-05-03,2024-09-06,Offline
271,Server Room Camera Zone 271,2024-02-02,2024-06-23,Maintenance
272,Lobby Camera Zone 272,2024-09-24,2025-01-23,Maintenance
273,Conference Room Camera Zone 273,2024-02-05,2024-08-05,Active
274,Pool Camera Zone 274,2024-12-28,2025-06-10,Offline
275,Pool Camera Zone 275,2024-10-20,2025-06-07,Active
276,Pool Camera Zone 276,2024-11-10,2025-08-26,Active
277,Floor 3 Camera Zone 277,2024-06-01,2024-07-04,Active
278,Server Room Camera Zone 278,2024-09-22,2025-02-09,Inactive
279,Parking Camera Zone 279,2025-04-17,2025-05-23,Maintenance
280,Parking Camera Zone 280,2024-08-28,2024-11-09,Offline
281,Pool Camera Zone 281,2024-07-20,2024-10-18,Offline
282,Storage Camera Zone 282,2024-09-12,2025-04-18,Active
283,Parking Camera Zone 283,2025-03-28,2025-11-22,Inactive
284,Main Gate Camera Zone 284,2025-02-18,2025-09-29,Offline
285,Back Gate Camera Zone 285,2024-11-24,2025-05-16,Active
286,Conference Room Camera Zone 286,2024-07-19,2025-01-02,Maintenance
287,Floor 2 Camera Zone 287,2025-03-27,2026-01-10,Maintenance
288,Main Gate Camera Zone 288,2024-04-15,2024-07-01,Active
289,Conference Room Camera Zone 289,2025-01-23,2025-06-25,Active
290,Storage Camera Zone 290,2024-01-10,2024-06-15,Active
291,Floor 1 Camera Zone 291,2024-04-23,2024-12-18,Active
292,Lobby Camera Zone 292,2025-01-25,2025-05-03,Offline
293,Conference Room Camera Zone 293,2025-01-14,2025-08-05,Offline
294,Floor 1 Camera Zone 294,2025-04-11,2025-05-12,Inactive
295,Back Gate Camera Zone 295,2024-05-20,2024-09-17,Inactive
296,Floor 3 Camera Zone 296,2025-04-24,2025-09-27,Inactive
297,Floor 3 Camera Zone 297,2024-09-28,2025-07-03,Offline
298,Conference Room Camera Zone 298,2025-01-27,2025-05-05,Inactive
299,Storage Camera Zone 299,2024-11-16,2025-04-14,Inactive
300,Gym Camera Zone 300,2024-01-31,2024-04-23,Maintenance
301,Parking Camera Zone 301,2024-04-23,2024-09-24,Active
302,Kitchen Camera Zone 302,2024-11-11,2025-08-09,Inactive
303,Kitchen Camera Zone 303,2024-12-19,2025-04-05,Offline
304,Reception Camera Zone 304,2025-04-14,2025-05-30,Offline
305,Back Gate Camera Zone 305,2025-03-15,2025-07-12,Active
306,Back Gate Camera Zone 306,2024-09-06,2025-02-11,Maintenance
307,Server Room Camera Zone 307,2025-02-23,2025-06-18,Maintenance
308,Floor 3 Camera Zone 308,2024-01-21,2024-02-25,Offline
309,Pool Camera Zone 309,2025-04-03,2025-05-20,Inactive
310,Gym Camera Zone 310,2025-05-07,2025-08-18,Inactive
311,Pool Camera Zone 311,2025-01-13,2025-08-08,Offline
312,Kitchen Camera Zone 312,2024-05-29,2024-12-30,Offline
313,Conference Room Camera Zone 313,2025-05-09,2025-07-28,Inactive
314,Pool Camera Zone 314,2024-02-18,2024-06-09,Active
315,Main Gate Camera Zone 315,2024-09-25,2024-11-11,Active
316,Server Room Camera Zone 316,2024-03-06,2024-09-28,Inactive
317,Parking Camera Zone 317,2024-03-10,2024-07-04,Active
318,Kitchen Camera Zone 318,2024-08-26,2025-05-30,Inactive
319,Kitchen Camera Zone 319,2025-02-06,2025-11-10,Active
320,Floor 3 Camera Zone 320,2025-01-02,2025-10-01,Inactive
321,Kitchen Camera Zone 321,2024-09-12,2025-03-02,Active
322,Pool Camera Zone 322,2024-04-08,2024-10-05,Maintenance
323,Kitchen Camera Zone 323,2024-08-06,2025-05-23,Inactive
324,Server Room Camera Zone 324,2024-10-16,2025-02-21,Offline
325,Floor 1 Camera Zone 325,2024-09-18,2024-11-01,Maintenance
326,Parking Camera Zone 326,2025-04-23,2025-05-24,Offline
327,Kitchen Camera Zone 327,2024-12-22,2025-05-09,Active
328,Gym Camera Zone 328,2024-06-17,2024-07-17,Active
329,Conference Room Camera Zone 329,2025-02-05,2025-10-20,Active
330,Parking Camera Zone 330,2024-08-30,2025-01-01,Offline
331,Kitchen Camera Zone 331,2025-02-25,2025-06-20,Active
332,Server Room Camera Zone 332,2024-09-29,2025-02-16,Active
333,Back Gate Camera Zone 333,2025-04-28,2025-11-13,Maintenance
334,Gym Camera Zone 334,2024-08-22,2024-10-18,Offline
335,Storage Camera Zone 335,2024-01-11,2024-07-07,Inactive
336,Kitchen Camera Zone 336,2024-10-13,2025-02-11,Inactive
337,Main Gate Camera Zone 337,2025-04-02,2025-06-30,Active
338,Floor 2 Camera Zone 338,2025-03-29,2025-11-26,Active
339,Floor 3 Camera Zone 339,2024-11-25,2025-09-09,Active
340,Back Gate Camera Zone 340,2024-03-27,2024-09-10,Offline
341,Conference Room Camera Zone 341,2024-07-19,2024-12-31,Inactive
342,Back Gate Camera Zone 342,2025-02-03,2025-03-08,Inactive
343,Back Gate Camera Zone 343,2024-01-21,2024-08-24,Offline
344,Reception Camera Zone 344,2024-07-13,2024-12-09,Inactive
345,Reception Camera Zone 345,2024-03-23,2024-07-11,Inactive
346,Reception Camera Zone 346,2025-03-15,2025-07-16,Inactive
347,Main Gate Camera Zone 347,2025-03-30,2025-11-10,Offline
348,Floor 1 Camera Zone 348,2024-09-25,2025-07-22,Maintenance
349,Floor 2 Camera Zone 349,2025-04-23,2026-01-08,Maintenance
350,Floor 3 Camera Zone 350,2024-10-19,2025-03-10,Active
351,Server Room Camera Zone 351,2024-03-22,2024-09-08,Maintenance
352,Reception Camera Zone 352,2024-04-16,2024-08-11,Maintenance
353,Floor 3 Camera Zone 353,2024-07-15,2024-08-31,Inactive
354,Conference Room Camera Zone 354,2025-02-17,2025-07-28,Active
355,Floor 2 Camera Zone 355,2024-06-18,2024-07-23,Inactive
356,Back Gate Camera Zone 356,2024-08-29,2024-10-11,Maintenance
357,Main Gate Camera Zone 357,2024-07-19,2024-11-04,Active
358,Reception Camera Zone 358,2024-09-03,2025-05-23,Active
359,Parking Camera Zone 359,2024-02-28,2024-11-02,Inactive
360,Kitchen Camera Zone 360,2024-03-18,2024-06-17,Maintenance
361,Kitchen Camera Zone 361,2024-10-12,2025-05-25,Maintenance
362,Reception Camera Zone 362,2024-08-08,2025-05-25,Inactive
363,Lobby Camera Zone 363,2024-04-18,2024-07-31,Active
364,Pool Camera Zone 364,2025-01-07,2025-03-04,Offline
365,Gym Camera Zone 365,2024-04-15,2024-06-14,Active
366,Kitchen Camera Zone 366,2024-02-25,2024-11-11,Maintenance
367,Floor 2 Camera Zone 367,2024-06-06,2024-09-09,Maintenance
368,Back Gate Camera Zone 368,2024-06-15,2024-10-27,Maintenance
369,Main Gate Camera Zone 369,2025-05-04,2026-02-12,Offline
370,Conference Room Camera Zone 370,2025-03-05,2025-04-05,Active
371,Main Gate Camera Zone 371,2025-05-05,2026-02-06,Offline
372,Storage Camera Zone 372,2024-08-26,2025-01-11,Inactive
373,Storage Camera Zone 373,2025-01-17,2025-08-19,Active
374,Storage Camera Zone 374,2024-08-05,2025-05-02,Maintenance
375,Floor 1 Camera Zone 375,2024-09-26,2025-03-31,Maintenance
376,Main Gate Camera Zone 376,2024-07-27,2025-03-30,Maintenance
377,Floor 1 Camera Zone 377,2024-02-12,2024-07-29,Inactive
378,Reception Camera Zone 378,2025-04-23,2025-10-20,Active
379,Server Room Camera Zone 379,2024-08-04,2025-03-11,Inactive
380,Gym Camera Zone 380,2024-06-11,2024-10-21,Maintenance
381,Back Gate Camera Zone 381,2024-05-01,2025-01-26,Inactive
382,Pool Camera Zone 382,2024-03-01,2024-10-01,Active
383,Main Gate Camera Zone 383,2024-09-23,2025-06-16,Maintenance
384,Gym Camera Zone 384,2024-03-14,2024-07-31,Offline
385,Back Gate Camera Zone 385,2024-11-11,2025-01-10,Active
386,Storage Camera Zone 386,2024-04-18,2024-11-03,Maintenance
387,Main Gate Camera Zone 387,2024-12-23,2025-01-27,Maintenance
388,Lobby Camera Zone 388,2024-04-15,2025-01-25,Maintenance
389,Back Gate Camera Zone 389,2024-04-22,2024-11-21,Maintenance
390,Parking Camera Zone 390,2025-01-07,2025-03-10,Active
391,Conference Room Camera Zone 391,2024-02-09,2024-11-16,Offline
392,Pool Camera Zone 392,2024-09-06,2025-06-28,Maintenance
393,Parking Camera Zone 393,2024-01-13,2024-10-01,Maintenance
394,Reception Camera Zone 394,2025-03-04,2025-09-10,Offline
395,Server Room Camera Zone 395,2024-04-05,2024-12-21,Maintenance
396,Lobby Camera Zone 396,2025-02-10,2025-04-21,Inactive
397,Conference Room Camera Zone 397,2024-12-03,2025-09-28,Inactive
398,Floor 3 Camera Zone 398,2025-03-13,2025-08-28,Inactive
399,Floor 1 Camera Zone 399,2024-05-26,2024-12-25,Offline
400,Conference Room Camera Zone 400,2024-02-14,2024-10-03,Offline
401,Reception Camera Zone 401,2024-02-13,2024-04-04,Offline
402,Storage Camera Zone 402,2024-01-21,2024-07-12,Active
403,Reception Camera Zone 403,2024-01-11,2024-02-17,Offline
404,Lobby Camera Zone 404,2024-03-30,2025-01-06,Offline
405,Kitchen Camera Zone 405,2025-05-01,2025-08-28,Maintenance
406,Conference Room Camera Zone 406,2024-06-15,2025-03-28,Inactive
407,Back Gate Camera Zone 407,2025-03-19,2025-06-01,Active
408,Kitchen Camera Zone 408,2025-03-12,2025-07-26,Offline
409,Storage Camera Zone 409,2024-07-24,2024-09-18,Maintenance
410,Kitchen Camera Zone 410,2025-05-03,2026-01-22,Offline
411,Storage Camera Zone 411,2024-03-24,2024-06-05,Active
412,Pool Camera Zone 412,2024-10-27,2024-12-02,Inactive
413,Server Room Camera Zone 413,2025-04-18,2025-08-08,Maintenance
414,Pool Camera Zone 414,2024-06-13,2024-08-12,Maintenance
415,Floor 1 Camera Zone 415,2024-04-28,2025-02-13,Inactive
416,Floor 3 Camera Zone 416,2024-10-02,2025-04-01,Active
417,Main Gate Camera Zone 417,2024-02-11,2024-10-20,Maintenance
418,Floor 2 Camera Zone 418,2025-05-08,2025-06-27,Offline
419,Lobby Camera Zone 419,2025-02-25,2025-08-03,Inactive
420,Parking Camera Zone 420,2025-01-01,2025-07-26,Active
421,Floor 3 Camera Zone 421,2024-08-10,2025-06-01,Maintenance
422,Floor 2 Camera Zone 422,2024-12-31,2025-03-05,Active
423,Server Room Camera Zone 423,2024-06-08,2024-12-03,Active
424,Server Room Camera Zone 424,2024-10-04,2025-03-24,Maintenance
425,Floor 2 Camera Zone 425,2024-03-21,2024-05-21,Maintenance
426,Lobby Camera Zone 426,2024-09-09,2025-01-01,Maintenance
427,Conference Room Camera Zone 427,2024-05-11,2025-02-09,Offline
428,Floor 1 Camera Zone 428,2024-01-15,2024-09-30,Inactive
429,Reception Camera Zone 429,2024-07-17,2025-02-21,Active
430,Floor 2 Camera Zone 430,2024-08-13,2024-12-23,Offline
431,Parking Camera Zone 431,2024-03-14,2024-10-13,Offline
432,Pool Camera Zone 432,2024-07-03,2024-08-28,Inactive
433,Floor 3 Camera Zone 433,2024-05-21,2024-10-13,Maintenance
434,Storage Camera Zone 434,2024-03-09,2024-12-23,Maintenance
435,Gym Camera Zone 435,2024-12-23,2025-01-30,Maintenance
436,Floor 2 Camera Zone 436,2024-11-21,2025-02-24,Maintenance
437,Main Gate Camera Zone 437,2024-06-29,2024-08-04,Maintenance
438,Floor 1 Camera Zone 438,2024-04-14,2024-07-02,Maintenance
439,Conference Room Camera Zone 439,2024-05-14,2024-09-14,Active
440,Floor 1 Camera Zone 440,2024-04-24,2025-01-09,Inactive
441,Floor 1 Camera Zone 441,2024-07-20,2025-04-23,Active
442,Main Gate Camera Zone 442,2024-04-18,2024-10-18,Offline
443,Parking Camera Zone 443,2024-12-21,2025-06-15,Inactive
444,Floor 3 Camera Zone 444,2024-07-24,2024-12-13,Maintenance
445,Main Gate Camera Zone 445,2025-01-26,2025-08-29,Maintenance
446,Floor 2 Camera Zone 446,2024-02-24,2024-05-17,Active
447,Floor 2 Camera Zone 447,2024-12-17,2025-04-08,Active
448,Back Gate Camera Zone 448,2024-11-22,2025-02-12,Inactive
449,Conference Room Camera Zone 449,2024-05-14,2024-12-23,Offline
450,Main Gate Camera Zone 450,2025-01-11,2025-09-16,Active
451,Kitchen Camera Zone 451,2024-11-28,2025-03-03,Inactive
452,Floor 2 Camera Zone 452,2024-02-20,2024-09-04,Maintenance
453,Floor 1 Camera Zone 453,2024-08-01,2025-04-24,Offline
454,Main Gate Camera Zone 454,2024-12-06,2025-03-16,Inactive
455,Lobby Camera Zone 455,2025-01-12,2025-03-24,Active
456,Kitchen Camera Zone 456,2024-06-04,2024-09-24,Inactive
457,Parking Camera Zone 457,2025-05-05,2025-09-04,Inactive
458,Gym Camera Zone 458,2025-02-06,2025-10-31,Active
459,Parking Camera Zone 459,2024-12-20,2025-06-21,Active
460,Pool Camera Zone 460,2024-09-13,2025-03-28,Offline
461,Floor 3 Camera Zone 461,2024-01-06,2024-10-07,Inactive
462,Floor 1 Camera Zone 462,2024-11-27,2025-04-06,Offline
463,Main Gate Camera Zone 463,2024-03-12,2024-11-10,Inactive
464,Gym Camera Zone 464,2024-06-23,2024-11-14,Inactive
465,Main Gate Camera Zone 465,2024-01-12,2024-08-11,Offline
466,Floor 3 Camera Zone 466,2024-01-25,2024-02-29,Maintenance
467,Lobby Camera Zone 467,2025-02-21,2025-07-07,Inactive
468,Server Room Camera Zone 468,2024-06-03,2024-12-21,Maintenance
469,Floor 1 Camera Zone 469,2025-02-15,2025-05-13,Active
470,Back Gate Camera Zone 470,2024-06-03,2024-12-19,Inactive
471,Main Gate Camera Zone 471,2024-03-17,2024-08-21,Active
472,Main Gate Camera Zone 472,2024-08-08,2024-10-23,Maintenance
473,Storage Camera Zone 473,2024-07-14,2025-02-16,Offline
474,Server Room Camera Zone 474,2024-09-29,2024-12-29,Maintenance
475,Floor 2 Camera Zone 475,2024-07-02,2024-10-07,Active
476,Floor 1 Camera Zone 476,2025-04-20,2025-09-04,Maintenance
477,Parking Camera Zone 477,2024-01-11,2024-05-15,Inactive
478,Back Gate Camera Zone 478,2024-11-21,2025-08-26,Maintenance
479,Storage Camera Zone 479,2024-06-29,2025-03-31,Offline
480,Reception Camera Zone 480,2024-06-25,2025-03-27,Inactive
481,Kitchen Camera Zone 481,2024-05-25,2024-11-09,Active
482,Floor 2 Camera Zone 482,2024-04-17,2024-12-19,Active
483,Reception Camera Zone 483,2024-01-14,2024-07-07,Offline
484,Conference Room Camera Zone 484,2024-08-04,2025-01-29,Active
485,Floor 3 Camera Zone 485,2024-05-05,2024-06-13,Active
486,Floor 3 Camera Zone 486,2024-10-19,2025-04-02,Active
487,Main Gate Camera Zone 487,2024-05-29,2024-10-21,Active
488,Storage Camera Zone 488,2024-10-26,2025-07-08,Inactive
489,Floor 1 Camera Zone 489,2025-04-13,2025-12-12,Inactive
490,Kitchen Camera Zone 490,2024-03-24,2024-11-09,Maintenance
491,Back Gate Camera Zone 491,2025-01-21,2025-09-25,Offline
492,Main Gate Camera Zone 492,2024-08-18,2025-04-14,Active
493,Server Room Camera Zone 493,2025-03-10,2025-10-28,Maintenance
494,Floor 1 Camera Zone 494,2024-06-26,2025-01-04,Active
495,Lobby Camera Zone 495,2024-06-21,2025-04-01,Active
496,Reception Camera Zone 496,2024-07-17,2025-01-05,Offline
497,Storage Camera Zone 497,2024-03-06,2024-06-08,Active
498,Conference Room Camera Zone 498,2024-07-19,2024-12-03,Maintenance
499,Server Room Camera Zone 499,2024-05-16,2024-09-02,Maintenance
500,Conference Room Camera Zone 500,2024-02-06,2024-07-02,Active
